<?xml version="1.0" encoding="UTF-8" standalone="yes"?>
<addon id="plugin.video.tang3" name="Tang" version="3.0.11" provider-name="Tang">
    <requires>
        <import addon="repository.tang" version="1.0.0"/>
        <import addon="xbmc.python" version="3.0.0"/>
        <import addon="script.module.requests" version="2.22.0" />
    </requires>
    <extension point="xbmc.python.pluginsource" library="main.py">
        <provides>video</provides>
    </extension>
    <extension point="xbmc.addon.metadata">
        <platform>all</platform>
        <summary>Tang Video Addon - Version 3.x</summary>
        <description>Tang Video Addon for Kodi 19.x - Supports XBMC Python 3.x</description>
        <assets>
            <icon>icon.png</icon>
            <fanart>fanart.jpg</fanart>
        </assets>
    </extension>
</addon>